{"submeshes":[{"material":{"diffuse":[0.588235,0.588235,0.588235],"name":"temp_box_mat","ambient":[0.588235,0.588235,0.588235],"texture":"box.png","emissive":[0,0,0],"specular":[0,0,0,0]},"faces":[0,1,2,3,4,5,6,7,8,9,10,11,12,13,14,15,16,17,18,19,20,21,22,23,24,25,26,27,28,29,30,31,32,33,34,35]}],"geometry":{"normals":[0,-1,0,0,-1,0,0,-1,0,0,-1,0,0,-1,0,0,-1,0,0,1,0,0,1,0,0,1,0,0,1,0,0,1,0,0,1,0,0,0,1,0,0,1,0,0,1,0,0,1,0,0,1,0,0,1,1,0,0,1,0,0,1,0,0,1,0,0,1,0,0,1,0,0,0,0,-1,0,0,-1,0,0,-1,0,0,-1,0,0,-1,0,0,-1,-1,0,0,-1,0,0,-1,0,0,-1,0,0,-1,0,0,-1,0,0],"vertices":[-0.5,-0.5,0.5,-0.5,-0.5,-0.5,0.5,-0.5,-0.5,0.5,-0.5,-0.5,0.5,-0.5,0.5,-0.5,-0.5,0.5,-0.5,0.5,0.5,0.5,0.5,0.5,0.5,0.5,-0.5,0.5,0.5,-0.5,-0.5,0.5,-0.5,-0.5,0.5,0.5,-0.5,-0.5,0.5,0.5,-0.5,0.5,0.5,0.5,0.5,0.5,0.5,0.5,-0.5,0.5,0.5,-0.5,-0.5,0.5,0.5,-0.5,0.5,0.5,-0.5,-0.5,0.5,0.5,-0.5,0.5,0.5,-0.5,0.5,0.5,0.5,0.5,-0.5,0.5,0.5,-0.5,-0.5,-0.5,-0.5,-0.5,-0.5,0.5,-0.5,-0.5,0.5,-0.5,0.5,0.5,-0.5,0.5,-0.5,-0.5,-0.5,-0.5,-0.5,-0.5,-0.5,0.5,-0.5,0.5,0.5,-0.5,0.5,0.5,-0.5,0.5,-0.5,-0.5,-0.5,-0.5],"texturecoords":[],"vertexcount":36}}